subreddit,title,score,num_comments,id,url
politics,"Trump, 79, Goes on Bizarre AI Posting Spree",4781,473,1n4u384,https://www.thedailybeast.com/trump-79-goes-on-bizarre-ai-posting-spree/
politics,Author Stephen King says people will deny they voted for Trump in the future,2067,200,1n4x1nn,https://www.the-independent.com/bulletin/culture/stephen-king-donald-trump-critic-vote-b2817343.html
politics,Mike Johnson Totally Deflects When Asked About His State’s Crime Rate,1567,68,1n4uee7,https://newrepublic.com/post/199857/mike-johnson-crime-louisiana-fox-news
politics,Newsom Trolls Trump Over Bruised Hands and Golfing Skills,1489,96,1n4svh5,https://www.thedailybeast.com/newsom-trolls-trump-over-bruised-hands-and-golfing-skills/
politics,Netflix co-founder drops $2 million into Gavin Newsom's redistricting campaign,32115,572,1n4fe1w,https://www.politico.com/news/2025/08/29/netflix-ceo-2-million-gavin-newsom-redistricting-campaign-00536569
politics,Trump's distractions fail as Congress is set to return to new Epstein material,6885,86,1n4kfsv,https://www.msnbc.com/the-briefing-with-jen-psaki/watch/trump-s-distractions-fail-as-congress-is-set-to-return-to-new-epstein-material-246172229703
politics,Bernie Sanders endorses popular oyster farmer and ex Marine for U.S. Senate,1248,89,1n4stub,https://www.independent.co.uk/news/world/americas/us-politics/bernie-sanders-graham-platner-oysters-senate-b2817190.html
politics,"'No More Conspiracy Theories. Kennedy Must Resign,' Says Sanders Amid CDC Fallout",11303,163,1n4hnl9,https://www.commondreams.org/news/bernie-sanders-rfk-jr
politics,Trump says he will order voter ID requirement for every vote,4886,997,1n4kgzb,https://www.reuters.com/world/us/trump-says-he-will-order-voter-id-requirement-every-vote-2025-08-31/
politics,"‘He’s trying to rig the midterms’: Trump intervenes to protect his allies in Congress - With elections next year, president is pushing extraordinary measures to ensure GOP maintains control of legislature",1063,71,1n4r9ke,https://www.theguardian.com/us-news/2025/aug/31/trump-congress-midterm-elections
politics,Donald Trump's net approval rating falls to lowest point ever,2757,284,1n4mbku,https://www.newsweek.com/donald-trump-approval-rating-polls-newsweek-tracker-2120862
politics,Trump admin cuts Minnesota shooting prevention funds weeks before school attack,767,29,1n4rsln,https://www.independent.co.uk/news/world/americas/us-politics/trump-administration-cut-shooting-prevention-minnesota-b2817112.html
politics,Bernie Sanders demands that RFK Jr step down as health secretary,19085,223,1n4at9f,https://www.theguardian.com/us-news/2025/aug/30/bernie-sanders-rfk-jr-resign
politics,"House Republicans Investigate Wikipedia for Alleged “Anti-Israel” Bias - Wikipedia is being pressed to release names of specific editors, a tactic seemingly pushed by the Heritage Foundation.",607,74,1n4ssxj,https://truthout.org/articles/house-republicans-investigate-wikipedia-for-alleged-anti-israel-bias/
politics,Karoline Leavitt Lashes Out at a Reporter for Asking About Putin,437,70,1n4uuyr,https://newrepublic.com/post/199290/karoline-leavitt-new-york-times-reporter-putin-trump
politics,Rep. Maxine Waters calls for using the 25th Amendment to find out what’s ‘wrong’ with Donald Trump,9035,271,1n4cilz,https://www.foxnews.com/media/rep-maxine-waters-calls-using-25th-amendment-find-out-whats-wrong-donald-trump
politics,The Supreme Court Asks Why It Shouldn’t Gut the Voting Rights Act,3305,187,1n4i956,https://truthout.org/articles/the-supreme-court-asks-why-it-shouldnt-gut-the-voting-rights-act/
politics,The Trump administration moves forward on plans to rename the Department of Defense as the Department of War,3359,560,1n4htq0,https://www.reuters.com/world/us/white-house-moves-forward-plans-department-war-wsj-reports-2025-08-30/
politics,"Trump’s Mental Health Plan: Defund, Incarcerate, Disappear",397,31,1n4svvr,https://www.motherjones.com/politics/2025/08/trump-mental-health-housing-homelessness-institutionalization/
politics,"Trump, 79, Goes Full Grumpy Old Man in Rant Over Scratched Rose Garden Stone",3941,297,1n4f0b9,https://www.thedailybeast.com/donald-trump-79-goes-full-grumpy-old-man-in-rant-over-scratched-rose-garden-stone/
PoliticalDiscussion,"Why has it been so difficult for Democrats to get ""over the hump"" in North Carolina?",120,104,1n415bq,https://www.reddit.com/r/PoliticalDiscussion/comments/1n415bq/why_has_it_been_so_difficult_for_democrats_to_get/
PoliticalDiscussion,What do you think about Gavin Newsom's new social media campaign mocking Trump's posting style?,677,464,1n3h9ca,https://www.reddit.com/r/PoliticalDiscussion/comments/1n3h9ca/what_do_you_think_about_gavin_newsoms_new_social/
PoliticalDiscussion,Does the US constitution need to be amended to ensure no future president can get this far or further into a dictatorship again or is the problem potus and congress are breaking existing laws?,393,253,1n3f9s1,https://www.reddit.com/r/PoliticalDiscussion/comments/1n3f9s1/does_the_us_constitution_need_to_be_amended_to/
PoliticalDiscussion,"If JD Vance is the Republican nominee in 2028 and loses the election, will he certify his own loss?",569,213,1n2l8ia,https://www.reddit.com/r/PoliticalDiscussion/comments/1n2l8ia/if_jd_vance_is_the_republican_nominee_in_2028_and/
PoliticalDiscussion,Is it possible for US to collapse like into parts like 1991 USSR?,77,200,1n2ycte,https://www.reddit.com/r/PoliticalDiscussion/comments/1n2ycte/is_it_possible_for_us_to_collapse_like_into_parts/
PoliticalDiscussion,Is there any scenario where the U.S. military would intervene in politics if there is a real threat to the Constitution?,246,307,1n1u079,https://www.reddit.com/r/PoliticalDiscussion/comments/1n1u079/is_there_any_scenario_where_the_us_military_would/
PoliticalDiscussion,Why should a sitting President be held to the same legal standard as a civilian when it comes to lying or spreading misinformation?,0,32,1n37xll,https://www.reddit.com/r/PoliticalDiscussion/comments/1n37xll/why_should_a_sitting_president_be_held_to_the/
PoliticalDiscussion,"Trump said today: “I have the right to do anything I want to do. I’m the president of the United States”. People from the US, what are your thoughts on this?",398,335,1n1apvl,https://www.reddit.com/r/PoliticalDiscussion/comments/1n1apvl/trump_said_today_i_have_the_right_to_do_anything/
PoliticalDiscussion,"In 1795, Chief Justice Jay resigned to serve as Governor of New York. In 1832, Vice President Calhoun resigned to serve in the Senate. Could such a thing happen today? Is there any scenario where a prominent politician could resign to serve a ""lesser"" role, or has politics become too nationalized?",51,25,1n16f29,https://www.reddit.com/r/PoliticalDiscussion/comments/1n16f29/in_1795_chief_justice_jay_resigned_to_serve_as/
PoliticalDiscussion,"If allegations of mortgage fraud are cause for removal of Fed Governor Lisa Cook, would 34 felony counts of fraud be cause for removal of Trump?",396,60,1n09ltj,https://www.reddit.com/r/PoliticalDiscussion/comments/1n09ltj/if_allegations_of_mortgage_fraud_are_cause_for/
PoliticalDiscussion,Will the shooting at the Annunciation Catholic School in Minneapolis embolden Democrats to make gun control an issue in the 2026 midterms?,0,35,1n1l2p6,https://www.reddit.com/r/PoliticalDiscussion/comments/1n1l2p6/will_the_shooting_at_the_annunciation_catholic/
PoliticalDiscussion,"Trump has said the DOJ will be filing a lawsuit against California's redistricting effort. With a Republican majority on the Supreme Court, can this lawsuit actually prevent California from doing what Texas is doing, giving the Republicans a House advantage?",1291,266,1mzv1a2,https://www.reddit.com/r/PoliticalDiscussion/comments/1mzv1a2/trump_has_said_the_doj_will_be_filing_a_lawsuit/
PoliticalDiscussion,Should potential 2028 Democratic hopeful make campaign promises to recognize a Palestinian state?,0,256,1n0wgiu,https://www.reddit.com/r/PoliticalDiscussion/comments/1n0wgiu/should_potential_2028_democratic_hopeful_make/
PoliticalDiscussion,Is the rise of authoritarianism a systemic response to crises within liberal capitalism?,53,115,1mzn0u5,https://www.reddit.com/r/PoliticalDiscussion/comments/1mzn0u5/is_the_rise_of_authoritarianism_a_systemic/
PoliticalDiscussion,What is the tone for the DNC and the RNC primary's going to be like?,95,161,1mz6m1w,https://www.reddit.com/r/PoliticalDiscussion/comments/1mz6m1w/what_is_the_tone_for_the_dnc_and_the_rnc_primarys/
PoliticalDiscussion,Can the Brownfield Problem Be Solved? What Are the Main Obstacles?,31,62,1myv6j9,https://www.reddit.com/r/PoliticalDiscussion/comments/1myv6j9/can_the_brownfield_problem_be_solved_what_are_the/
PoliticalDiscussion,How can U.S. voters influence the situation in Gaza?,0,83,1mzt9qg,https://www.reddit.com/r/PoliticalDiscussion/comments/1mzt9qg/how_can_us_voters_influence_the_situation_in_gaza/
PoliticalDiscussion,Who is America's best governor?,137,251,1mxwbnt,https://www.reddit.com/r/PoliticalDiscussion/comments/1mxwbnt/who_is_americas_best_governor/
PoliticalDiscussion,"Do Republicans, especially Colorado Republicans, support Trump's efforts to free Tina Peters?",154,35,1mxsxsf,https://www.reddit.com/r/PoliticalDiscussion/comments/1mxsxsf/do_republicans_especially_colorado_republicans/
PoliticalDiscussion,Does Europe have the political will to provide security guarantees to Ukraine?,78,139,1mxrjgb,https://www.reddit.com/r/PoliticalDiscussion/comments/1mxrjgb/does_europe_have_the_political_will_to_provide/
worldnews,"Russia’s 2025 Summer Offensive Ends in Heavy Losses, No Victories, Ukraine Says",6328,278,1n4qqg1,https://united24media.com/latest-news/russias-2025-summer-offensive-ends-in-heavy-losses-no-victories-ukraine-says-11239
worldnews,Venezuela warns US to stay away from national coasts,1871,192,1n4ty5j,https://www.trtworld.com/world/article/2cd488f72109
worldnews,Putin’s war on Ukraine under severe economic pressure,848,44,1n4vmx0,https://www.washingtonpost.com/world/2025/08/31/russia-economy-shanghai-india-tariffs-oil/
worldnews,Central banks now hold more gold than US Treasuries for the first time in 30 years,4582,143,1n4lbfz,https://www.financialexpress.com/market/gold-pulse/central-banks-now-hold-more-gold-than-us-treasuries-for-the-first-time-in-30-years/3962153/
worldnews,Trump mulling postwar Gaza plan relocating 2 million Palestinians for multi-billion dollar investment,580,236,1n4vna3,https://www.ynetnews.com/article/bjk007h11cgx
worldnews,Argentina: Milei government panics after fresh leak of Karina audio,4197,140,1n4jkim,https://batimes.com.ar/news/argentina/milei-government-panics-after-fresh-leak-of-karina-audio.phtml
worldnews,Australian ban on fish-shaped plastic soy sauce dispensers a world first,3332,422,1n4jrxs,https://www.theguardian.com/australia-news/2025/aug/31/south-australia-bans-soy-sauce-fish-packets-in-world-first-to-cut-single-use-plastics
worldnews,Company behind Jack Daniel's says Canadian boycott is 'significant' as sales drop 62%,17450,831,1n4amb2,https://www.cbc.ca/news/canada/nova-scotia/brown-forman-jack-daniels-quarterly-sales-american-alcohol-boycott-canada-1.7619950
worldnews,Macron’s decision to recognize a Palestinian state in September angers Israel and the US,435,86,1n4ukvw,https://apnews.com/article/france-israel-gaza-palestinians-macron-5fc1f17fbeb0f5c7a7bdf21f987ccced
worldnews,"Aid flotilla with Greta Thunberg set to sail for Gaza to ‘break illegal siege’: Unspecified number of vessels due to depart Barcelona on Sunday, with dozens more expected to leave other Mediterranean ports on 4 September",1785,784,1n4lyl2,https://www.theguardian.com/environment/2025/aug/31/aid-flotilla-with-greta-thunberg-set-to-sail-for-gaza-to-break-siege
worldnews,Hamas confirms death of its military leader Mohammed Sinwar,5465,284,1n4f483,https://www.reuters.com/world/middle-east/hamas-confirms-death-its-military-leader-mohammed-sinwar-2025-08-30/
worldnews,"US nudging Europe to follow its lead, impose punitive tariffs on India",821,169,1n4p6on,https://www.indiatoday.in/india/story/white-house-has-asked-europe-to-tariff-india-like-us-over-russian-oil-imports-say-sources-2779372-2025-08-30
worldnews,China's Xi and India's Modi vow to resolve border differences at meeting in Tianjin,525,49,1n4qqoa,https://apnews.com/article/china-india-modi-tianjin-shanghai-cooperation-organization-6357f66ef17a8e7cd1b6adb5afbb71c8
worldnews,"Trump asked Modi for Nobel backing, his no brought 50% tariffs",39560,1361,1n457kx,https://www.financialexpress.com/business/modi-snubbed-trumps-noble-demand-during-phone-call-fallout-soured-ties-3962228/lite/
worldnews,"Strong deterrence needed against ‘predator’ Putin, von der Leyen tells Poles",201,23,1n4vks6,https://www.politico.eu/article/putin-predator-von-der-leyen-tells-poles-tusk-defense-border-belarus-poland/
worldnews,Zelenskyy: MP Parubii's murder was carefully planned,2465,33,1n4ghfz,https://www.pravda.com.ua/eng/news/2025/08/30/7528577/
worldnews,Anti-immigration rallies held across Australia as clashes break out in Adelaide and Melbourne,449,85,1n4pkv4,https://www.abc.net.au/news/2025-08-31/clashes-at-march-for-australia-anti-immigration-rallies/105717532
worldnews,British Type 26 Frigate wins Norwegian frigate competition,303,32,1n4r9t1,https://ukdefencejournal.org.uk/british-type-26-frigate-wins-norwegian-frigate-competition/
worldnews,"Parents must help tackle schoolchildren's bad behaviour, UK education secretary says - as figures show 'entrenched class divide'",144,26,1n4tw5f,https://news.sky.com/story/parents-must-help-tackle-kids-bad-behaviour-education-secretary-says-as-figures-show-entrenched-class-divide-13421918
worldnews,India Post Suspends Booking Of All Categories Of Mail To The United States,147,10,1n4tmg0,https://www.outlookindia.com/national/india-post-suspends-booking-of-all-categories-of-mail-to-the-united-states
